"sno","name","age","phone","location","created_at"
1,"John Doe",25,"123-456-7890","New York","2024-03-03 12:58:13.569437"
2,"Jane Smith",30,"987-654-3210","Los Angeles","2024-03-03 12:58:13.569437"
3,"Bob Johnson",22,"555-123-4567","Chicago","2024-03-03 12:58:13.569437"
4,"Alice Williams",28,"111-222-3333","Miami","2024-03-03 12:58:13.569437"
5,"Charlie Brown",35,"444-555-6666","San Francisco","2024-03-03 12:58:13.569437"
6,"Eva Davis",40,"777-888-9999","Seattle","2024-03-03 12:58:13.569437"
7,"Frank Miller",33,"555-777-8888","Austin","2024-03-03 12:58:13.569437"
8,"Grace Wilson",27,"999-111-2222","Denver","2024-03-03 12:58:13.569437"
9,"Henry White",32,"333-444-5555","Atlanta","2024-03-03 12:58:13.569437"
10,"Isabel Taylor",29,"666-999-1111","Phoenix","2024-03-03 12:58:13.569437"
11,"Jack Robinson",38,"111-222-3333","Boston","2024-03-03 12:58:13.569437"
12,"Katie Lee",31,"777-888-9999","Portland","2024-03-03 12:58:13.569437"
13,"Larry Turner",36,"555-123-4567","Detroit","2024-03-03 12:58:13.569437"
14,"Megan Harris",26,"444-555-6666","Dallas","2024-03-03 12:58:13.569437"
15,"Nathan Adams",39,"123-456-7890","Houston","2024-03-03 12:58:13.569437"
16,"Olivia Moore",23,"987-654-3210","Philadelphia","2024-03-03 12:58:13.569437"
17,"Paul Clark",34,"999-111-2222","San Diego","2024-03-03 12:58:13.569437"
18,"Quincy Foster",37,"333-444-5555","Minneapolis","2024-03-03 12:58:13.569437"
19,"Rachel Hall",24,"666-999-1111","Chicago","2024-03-03 12:58:13.569437"
20,"Zachary Lewis",41,"111-222-3333","New York","2024-03-03 12:58:13.569437"
21,"Sophie Turner",42,"777-888-9999","Los Angeles","2024-03-03 12:58:13.569437"
22,"William Davis",43,"555-123-4567","Chicago","2024-03-03 12:58:13.569437"
23,"Chloe Miller",44,"999-111-2222","Miami","2024-03-03 12:58:13.569437"
24,"David Clark",45,"444-555-6666","San Francisco","2024-03-03 12:58:13.569437"
25,"Emma Wilson",46,"123-456-7890","Seattle","2024-03-03 12:58:13.569437"
26,"Frederick Brown",47,"555-777-8888","Austin","2024-03-03 12:58:13.569437"
27,"Gina Adams",48,"999-111-2222","Denver","2024-03-03 12:58:13.569437"
28,"Harry Turner",49,"333-444-5555","Atlanta","2024-03-03 12:58:13.569437"
29,"Ivy Taylor",50,"666-999-1111","Phoenix","2024-03-03 12:58:13.569437"
30,"Jack Robinson",51,"111-222-3333","Boston","2024-03-03 12:58:13.569437"
31,"Kylie Lee",52,"777-888-9999","Portland","2024-03-03 12:58:13.569437"
32,"Leon Turner",53,"555-123-4567","Detroit","2024-03-03 12:58:13.569437"
33,"Mia Harris",54,"444-555-6666","Dallas","2024-03-03 12:58:13.569437"
34,"Noah Adams",55,"123-456-7890","Houston","2024-03-03 12:58:13.569437"
35,"Olivia Moore",56,"987-654-3210","Philadelphia","2024-03-03 12:58:13.569437"
36,"Patrick Clark",57,"999-111-2222","San Diego","2024-03-03 12:58:13.569437"
37,"Quinn Foster",58,"333-444-5555","Minneapolis","2024-03-03 12:58:13.569437"
38,"Rachel Hall",59,"666-999-1111","Chicago","2024-03-03 12:58:13.569437"
39,"Samuel Lewis",60,"111-222-3333","New York","2024-03-03 12:58:13.569437"
40,"John Smith",26,"555-111-2222","Houston","2024-03-03 13:59:48.121364"
41,"Emily Johnson",33,"999-888-7777","San Francisco","2024-03-03 13:59:48.121364"
42,"Michael Davis",29,"444-666-9999","Chicago","2024-03-03 13:59:48.121364"
43,"Sophia Williams",37,"111-333-5555","New York","2024-03-03 13:59:48.121364"
44,"William Brown",28,"777-555-3333","Los Angeles","2024-03-03 13:59:48.121364"
45,"Ava Taylor",31,"222-888-4444","Miami","2024-03-03 13:59:48.121364"
46,"James Turner",35,"666-333-1111","Seattle","2024-03-03 13:59:48.121364"
47,"Olivia Harris",27,"888-222-6666","Denver","2024-03-03 13:59:48.121364"
48,"Logan White",30,"333-555-8888","Phoenix","2024-03-03 13:59:48.121364"
49,"Ella Moore",34,"444-777-1111","Dallas","2024-03-03 13:59:48.121364"
50,"Noah Clark",32,"555-999-2222","Houston","2024-03-03 13:59:48.121364"
